timestamp,cpu,ram,disk,net
2026-01-24 18:30:07.239821,0.0,72.9,85.5,96524852
2026-01-24 18:30:12.251403,5.7,72.8,85.5,96564300
2026-01-24 18:30:17.264965,7.9,72.8,85.5,96577811
2026-01-24 18:30:22.277274,6.9,73.2,85.5,96611795
2026-01-24 18:30:27.289234,7.1,72.9,85.5,96619190
2026-01-24 18:30:32.301204,5.6,72.3,85.5,96622729
2026-01-24 18:30:37.309784,7.9,72.4,85.5,96623042
2026-01-24 18:30:42.321727,9.8,72.2,85.5,96633842
2026-01-24 18:30:47.329956,3.8,72.2,85.5,96634309
2026-01-24 18:30:52.339543,7.2,72.2,85.5,96634813
2026-01-24 18:30:57.352038,8.5,72.6,85.5,96656578
2026-01-24 18:31:02.364899,4.8,72.5,85.5,96679792
2026-01-24 18:31:07.374560,5.9,72.5,85.5,96680972
2026-01-24 18:31:12.384084,5.6,72.5,85.5,96685463
2026-01-24 18:31:17.396075,8.8,73.3,85.5,96704358
2026-01-24 18:31:22.401115,6.6,73.3,85.5,96718765
2026-01-24 18:31:27.409678,6.6,73.3,85.5,96726514
2026-01-24 18:31:32.418510,6.4,72.6,85.5,96728765
2026-01-24 18:31:37.429466,6.7,72.5,85.5,96729103
2026-01-24 18:31:42.434907,9.3,72.5,85.5,96740070
